N,P,K,temperature,humidity,ph,rainfall
0.7058045921465264,-0.4373818983294011,0.0603018036502796,-0.0630163785754443,0.3655018198794452,0.1732657743985271,-0.3732518885595849
0.7382545336951166,-0.3335022487740084,-0.1615904906590803,0.1446989962203611,-0.2296356810273371,0.306576371064473,0.387279731030056
0.4449856773941348,-0.6903108678314532,0.0276455675416253,0.1162981702707078,0.3568231792863488,-0.0443018479001783,-0.4264782243579005
0.4088433461877361,0.0654000769571367,-0.3530555315540868,-0.7772537822637856,0.0810976576615227,-0.2887238034214142,-0.0992976992049846
0.8226464807486783,-0.1278049245078844,-0.2235804941729336,-0.3140365674148235,0.2294905984572259,0.1292801157524403,-0.2982149943008068
-0.2197797430421674,0.186719029115654,-0.1706197183664601,0.2056874439607727,-0.5032501718050151,-0.7662687580479367,-0.0706109823876968
-0.2341741108217855,0.1251799732453244,0.1784560582946211,-0.5052766822335542,-0.775972636633961,-0.1038275815888009,-0.1715449511495
-0.2037847908465105,-0.3154897761091763,-0.3212839598563908,0.2856481808903636,0.3608205639881628,0.0672935991444566,-0.7344384155262429
-0.4236759597584568,-0.5005510930840668,-0.1816667118595475,0.1876457177480349,0.453293334724171,-0.1635319084352796,0.5191493449540484
-0.1830030170159144,0.5935250995058606,0.6899389976577036,-0.2822606974391445,0.1219805606988958,-0.1444115626918309,-0.1510528834030272
-0.3523743722369037,-0.3024462556921453,-0.1271962774801465,0.3529179257112019,-0.3666021574849771,-0.7131969967347916,-0.0241145369264944
-0.1364818487794982,0.0801674656881033,-0.1856015302594087,0.6100673841670191,-0.5044641806713048,-0.3813836089635846,0.4103390968131041
-0.117262404806576,0.1447387866363901,0.0068926033141194,0.7869037653515149,0.3607997704786022,0.1107740973515833,0.4512070402106954
-0.1830030170159144,0.5935250995058606,0.6899389976577036,-0.2822606974391445,0.1219805606988958,-0.1444115626918309,-0.1510528834030272
-0.6234038099366501,-0.185288860645222,-0.2747677779610042,0.2471025049647418,0.2735375286269505,0.1140144608900432,-0.5938490306907976
0.5322962110901814,-0.4022543005073958,-0.1850159567385838,-0.1679815946589041,-0.2241043894266232,-0.2160850558901071,0.6288783445555989
-0.5776105770062476,0.3552701254399235,-0.2595414532559252,-0.1675734928140761,-0.2649121349518014,-0.0057681065048943,-0.6119598087709116
-0.3137668400175831,0.2473948008156531,-0.1714280554345293,-0.0752009119428063,-0.7856746195109076,-0.356606081903076,-0.2466797962821386
-0.0826596248085557,-0.1390475197267014,-0.1363855324924382,0.1944252008700934,-0.1302625778587945,0.888307619065884,-0.3337247911031201
-0.287524984678024,0.5106774199072664,0.6422468968818499,-0.3950161399783532,0.1102722765365871,-0.2349157560467029,-0.1437836610100069
0.6897725839042067,-0.5107648029659642,-0.1707247527350362,-0.1894192783622398,-0.2372200699013491,0.191052461597019,0.3248570296103524
-0.1756259268745749,0.5747339508872872,0.7128316705066847,-0.1727959475515812,0.1344883506960178,-0.2325421894862582,-0.169369428101232
-0.2828689937655009,-0.284426578779481,-0.2118975622781213,0.7907507810909218,-0.3718893891517736,-0.1224140155519877,-0.1249494697361205
0.0112176985296099,0.1702409615104483,0.1741876112992667,-0.4720301638396734,-0.6773116181975019,0.5065215147088389,-0.0492270835088618
-0.3266909530420928,-0.2998970400454491,-0.089648105852529,0.5408673887421149,-0.2709637898556014,-0.6547120789646158,-0.0262904874372308
-0.0683228761244464,0.5988485945499329,0.7261185495897206,-0.130457041021362,0.2479599725497137,-0.1649762132422787,0.0611870809134459
-0.2188518829513153,0.056938811723999,0.2058890966426763,-0.3787121057828958,-0.7211818340102844,0.4908637262683337,-0.0447013466553205
-0.5800071702209469,0.3363264973202148,-0.2680458455149168,-0.4804234087192856,-0.0572217398899525,0.2429981914353023,-0.4306953612386365
-0.5216969638240478,-0.0053546894070214,-0.2321781074415612,0.2796166654928447,-0.3435856039024182,0.5816277335205643,-0.3733223331551221
-0.3951309427393772,0.0899395248201253,-0.1852164182082182,-0.5614161149008409,-0.0312667816740492,0.5824429894810681,-0.3821934022048118
-0.0152000331174836,0.0179484497664367,0.0346334262335517,0.9158841114606044,0.3598472960404542,0.0348316456807894,-0.1694116651742
0.8357951164026985,-0.0793213470042783,-0.321479817717028,-0.1093279784321285,0.3599536234111708,-0.1674873707410085,-0.1491111561045313
0.0163869225285325,0.0871780524531947,0.1358819378331392,-0.2647286597950321,-0.6111318528543174,0.718544025561507,-0.1174675842565169
0.2905174622558449,0.1312037430782251,-0.1306622433259572,-0.1052964595613717,0.2064369759056935,0.5835801685434924,0.6978847881715268
-0.2732753199731635,0.608560475100754,0.6858835059572516,-0.1834552480464836,0.2103442307364586,-0.0814308656292621,-0.0026560454548392
0.0404638573477828,0.0185219739004213,0.1365388346607403,-0.378566899002398,-0.548632664564876,0.7160039899500412,-0.149680820710708
-0.2446567399578478,-0.3416770616195153,-0.1863426135980337,-0.7058263391530408,0.2586526793734284,0.4721960803504171,0.0248017665937619
0.0773891190339008,0.0881803246688649,0.0207907938112942,0.9550414435480632,0.2622491870037511,0.0606356416021827,0.0353188544284966
-0.5316321812624221,0.0341193491804308,-0.4363297380959934,-0.247405885170774,-0.1065094260582568,0.0416002070772787,-0.6719635008134587
0.4433513867474275,-0.2290403593816839,-0.2930835391120243,-0.4649473637383958,-0.2544538966260734,-0.5416885055198998,-0.3012189024233933
-0.1697408001351324,0.5028665433849941,0.7401182042383445,0.2368806140601517,0.123767343183058,-0.2773420109268896,-0.1489596337517068
0.624736030426536,-0.3335862829328319,0.0448177398408294,0.2524334381825684,0.3363560015604032,-0.0218304036583989,-0.5648733373945414
-0.423240526480563,0.3651811193901059,-0.2513328972887008,0.50224748220699,-0.300778062513564,0.5082536187859472,0.1526442407830284
0.6884466523831532,0.5609096262720648,-0.0198066178047,-0.0558676250795222,0.1526506372823008,-0.427633052468276,0.0416636497542764
0.3160834884261121,-0.0031723802234113,-0.0464173766306446,0.0519009392139343,0.1287462758505113,-0.4038134716264861,0.845926687480143
0.6045802683247569,-0.4033650791508482,-0.4198223989045646,-0.0440113358885517,-0.2981682443852513,-0.1459644985630408,-0.4282306982979778
-0.2580931646904912,0.4648606350089626,-0.3313022873758793,0.6681207630250405,-0.2178476571019567,0.0384825557286067,-0.3349737899496641
0.822145074487205,0.0160879290107436,-0.4628130409903427,0.0001364642784201,-0.2996185162293298,0.115061374189289,0.081316360011702
0.8185190653981986,-0.2945130963717862,-0.1270406942393813,0.0589282129815965,-0.3953264607240267,0.1699954153039549,0.1962020682719338
-0.5612979808514781,-0.0305705881453728,-0.2624834839744729,0.0219626724517414,-0.4891832190346062,-0.3479541062631358,-0.504239819571464
0.8075958292737048,0.0492009904778039,-0.3784692365597668,-0.1832212417047901,0.0455888334805949,-0.1869757841235567,-0.3626581959021501
0.3650604537709865,-0.1522066998774989,-0.1321574646893379,-0.2266379119072768,0.0850955022877406,0.2119343776246889,0.8500448353406725
-0.3687170742973941,0.0228867108902055,-0.1760516589983661,0.1460118611542987,-0.2311279596641856,0.8284416955133221,-0.2673471352920424
-0.2608202617986959,0.2581416028270232,0.0327451973439347,0.1988736122867324,0.5930232175893875,0.16356669377465,-0.6680435183426663
-0.4884315073721213,-0.5704695217057955,-0.3268635223035603,-0.279473823004188,0.4295984779268606,-0.2574151501817265,-0.015375164179154
-0.2866879072500923,0.0802045630434279,-0.2422997866056661,0.4902618058750705,-0.3938193710015533,0.3531229569905509,0.5766471427872761
0.6507694921716379,-0.3156311124365867,0.0134147724829669,0.2642090486189519,0.3535278493453625,-0.1805161889625998,-0.4993211959124822
0.1437232507978637,0.1210627147822579,0.0369032702916633,0.9282985698526718,0.283726098396544,0.0781594650910442,-0.1223844729786638
-0.1593533896643857,0.0776032146776892,-0.1598117122899093,-0.368690885948649,-0.3393722903068232,-0.8237239709214383,0.1158307118550389
-0.5365817083026394,-0.5321240267956384,-0.095727833021218,-0.2810387827451711,0.3575499717191535,-0.4614479060453873,-0.001150099973913
-0.1983093853981667,0.549470380791067,0.7231740897504344,-0.1043830304469651,0.2176012212533709,-0.2729539366952979,0.0549996737830394
-0.1546205319333861,-0.0411503497288887,-0.1656631244545874,-0.0227429053220233,-0.1844870675561862,0.9106976483701316,-0.2881526408570907
0.8226464807486783,-0.1278049245078844,-0.2235804941729336,-0.3140365674148235,0.2294905984572259,0.1292801157524403,-0.2982149943008068
-0.4914091139670891,-0.3738490400486871,-0.1073400077121838,0.1074647650389683,0.382925442103099,-0.1089779483015962,0.6611923604809299
-0.192827510702331,-0.4835199804699714,-0.3749189846952366,0.6131334585600147,0.4488632964272461,-0.0503763517800557,0.0922662495920738
-0.1822272888564394,-0.045666941585988,-0.3921029544131686,0.3833340093865488,0.4192402198717579,0.3221984808920732,-0.6200353481722087
-0.2673422314420373,0.6020774340487586,0.6570622877097932,-0.0776458882164922,0.2236146889799794,-0.2796998064622762,0.0059707576447199
-0.3396104024978487,0.2599754427409817,-0.5276428540302125,0.4550377392216398,-0.287716444394147,0.0319422609970292,-0.4978053412222269
-0.2290836399820731,-0.5270887015170385,-0.2898696987088215,0.66470864824277,0.3478358075343792,0.1266014889061398,0.082574035574313
-0.328382351156057,0.1891697652557568,-0.2549302474159901,-0.7363441319191782,-0.1414604011003557,-0.1078223665948825,-0.4664236399297544
0.4580517274600065,-0.075426956737398,-0.0929682001094771,-0.1649594961221035,0.1971014090372122,0.4150601693978888,0.7331580715716944
-0.2545678293346961,0.0740071350463286,-0.1898921141177803,-0.2894284650325766,-0.8310034007927558,-0.2766884016507671,0.2068022947591255
0.596903151713777,-0.0063024657372172,-0.0469515181205224,-0.0825471046800315,0.0112068477069626,0.6296537607457625,0.4879128866899336
0.0977596808467071,0.0884406753966157,0.2251322535394941,-0.369934390143079,-0.8860812284296247,-0.0751817371823584,-0.0655215244078436
0.7056157288389748,-0.3182827722316391,-0.1459132520538524,0.0377379446640602,-0.3710700628861006,-0.1855264889197426,0.4538442693942539
0.5331684291483302,-0.6839693084083914,0.0369996240250464,-0.0517217322639989,0.2618617678713927,-0.0405088322526746,-0.4167262297783267
-0.3948405612692826,0.0856712648808278,-0.1689201843893713,-0.3285993722488351,-0.7845909738009166,-0.2728363775603835,0.1011291467563455
-0.5800071702209469,0.3363264973202148,-0.2680458455149168,-0.4804234087192856,-0.0572217398899525,0.2429981914353023,-0.4306953612386365
-0.2161229341648226,0.1700625075594408,-0.0109364950468815,-0.2028386700292934,0.4812815319111518,0.2268949899711364,0.7745923046575356
0.7116992115594754,0.4941136768678016,0.0438038170112087,0.3164885363631226,0.178698842336518,-0.3313468421213471,0.0743514124114628
-0.1975269387792668,0.4090775573817876,0.6099577189003381,-0.6261065625404653,0.1099124201353995,-0.0801142256144557,-0.1052700563069867
-0.3451342103013212,-0.0529051821939086,-0.2986743922692847,0.1743964098617241,-0.4618234044017016,-0.3112924207422239,-0.669536474093754
-0.1227946002871571,-0.1760766898155998,-0.1462871681797114,0.4807040867102254,-0.2834985227041895,-0.7861860502260638,-0.0546096414969943
0.8197673578420751,-0.0374199672062832,-0.1677691494104911,0.0076516129474051,0.1601687980940273,0.5216947938798777,-0.0235942482828727
-0.2188518829513153,0.056938811723999,0.2058890966426763,-0.3787121057828958,-0.7211818340102844,0.4908637262683337,-0.0447013466553205
-0.4669687556990746,0.0271198122423142,-0.3036661827972428,0.196059797999793,0.4005918925078086,0.5053502053027267,-0.48445784922523
-0.1715240588067243,0.3513983843982675,-0.2332553967836857,0.690176358624436,-0.4508451706828816,0.3354444457516942,-0.0237243007529392
0.5207935091294045,-0.3461097587718446,-0.1546818349945302,-0.0016041222967743,-0.2401761805800574,0.3176003484089503,0.65306855185229
-0.2873229162562193,-0.4725165979193493,-0.2532204009655629,-0.7194185340904936,0.2980563338920032,-0.1524891334027565,-0.0199873421846313
-0.1012838359637677,-0.2957948065403951,-0.1969285026149312,-0.8361375740073969,0.2318676545276365,0.3321359215042819,0.0162252771136444
0.0605690529392358,0.038237685125298,0.0195193567239628,0.9177645023892942,0.311610992101243,0.2342262106701456,0.0152726541995884
-0.7009721642215372,0.0992673901759238,-0.3113574454677312,0.111666050020841,-0.1393624734047138,-0.2478683460540789,-0.5554373310191917
0.5826235575414003,-0.5718162859055966,0.0416609791448224,-0.0921432931364675,0.2564548798457309,-0.1448534647322316,-0.4864136820402704
0.2923020333302472,-0.1347410696018244,-0.1675586566204915,-0.1050922233940741,0.0928366194244743,0.0930373641962551,0.9165203203445268
-0.1305936315206246,0.1369728470677044,0.1887264910140448,-0.4741374984466109,-0.7725974011150422,0.2925231647021317,-0.1458874245151738
-0.4795303256003804,-0.7101009507626356,-0.1161768235709046,-0.0659814673415996,0.2982291325456029,-0.3986021523885033,0.0115068153877605
-0.4032325165969429,-0.4210259596049518,-0.0812742126403963,0.0803801081005479,0.3988421563324013,-0.0610491971754809,0.695896651332224
-0.3451342103013212,-0.0529051821939086,-0.2986743922692847,0.1743964098617241,-0.4618234044017016,-0.3112924207422239,-0.669536474093754
-0.1334368658176994,0.0475908464530386,-0.1547252300671492,0.2034984618220911,-0.1849376591690717,0.8440395084812864,-0.4098457804285362
0.3870082557778057,-0.0313577847955941,-0.0434181139988376,-0.0660307236101693,0.1252172607983553,0.2390545336333234,0.8775931162881498
-0.2576531936796947,-0.3044309542897947,-0.4278174716235599,0.3546480069005008,0.4731677768054539,-0.1256892753387977,-0.5407846975366237
-0.5289405775130646,-0.4698826638783077,-0.0964827188099851,-0.5158198229365806,0.3633220442358056,-0.301188936686586,0.0365439389420168
-0.5399174488079448,-0.4330663886562383,-0.1957011056720531,0.2804293154513683,-0.4527420646299183,-0.4453005461477055,-0.0271140974102237
0.5158755976222303,0.0924552084113985,-0.2281552229909847,-0.6305304193692043,0.0007160353721908,-0.4439732461597687,-0.2803359246961474
0.6022797553178116,-0.3679916942659436,-0.0087810204721425,0.2231238227107486,0.3519528329376907,-0.1542053346943198,-0.5516609292336679
-0.3248293632189275,0.6014791553384945,0.6878025214948923,-0.1489877420714112,0.0927438753610098,-0.0429051620164809,-0.1643069544394548
0.5118968068687362,-0.2159661959629926,-0.0963019370312755,0.0110296607292608,0.3994870436797579,-0.1804878373108843,0.6998276840351021
-0.3866533514315771,-0.1024377232158744,-0.2219572453707954,0.0516137411889941,-0.257581593475823,0.7212641885513896,-0.4488946364713244
-0.1266360694821129,-0.4535014325306725,-0.1099959156543641,0.2280162562013249,0.3669449616473196,-0.1356819271947218,0.7491001613939302
-0.0413505694482859,0.2301563224677551,0.1910401782118463,-0.4888150977810554,-0.7802376920955744,0.2159567076817868,-0.1203058284752626
-0.324739588791791,0.1863218766944009,-0.2665255127905446,0.173197156592411,-0.1560183998647733,0.6929462796979837,-0.5042608115576853
-0.3296650970307203,-0.3004213612419239,-0.2786227833188594,0.4171431416983316,0.3696918958314021,0.4790986664166141,-0.4280435064959849
0.6507694921716379,-0.3156311124365867,0.0134147724829669,0.2642090486189519,0.3535278493453625,-0.1805161889625998,-0.4993211959124822
-0.4173092099311458,0.1514516632779694,-0.4281281420480371,-0.0453307962685612,-0.1287390485498928,0.4129418529750505,-0.6561037367163317
0.4216515563992079,-0.4582280152979234,0.0316049320627936,0.3519875765328289,0.3597986129238669,0.0953240527545871,-0.5905939453826172
-0.6740896996806442,-0.2231779709587061,-0.335469034982009,0.2485937587149564,0.2631383928291786,0.0060114916208277,-0.5021736631357652
-0.6234038099366501,-0.185288860645222,-0.2747677779610042,0.2471025049647418,0.2735375286269505,0.1140144608900432,-0.5938490306907976
0.6649013333062532,-0.4003474913080974,0.019895200318687,0.1663173114861705,0.3200522769751545,0.0354216467202568,-0.5156381318539341
-0.5642720877565182,0.0705653339470594,-0.3430340513308983,0.2224698542395819,-0.2168001073898956,-0.2592769867798397,-0.6286696316572533
0.5081441019611174,-0.4822414991549483,0.0426428540425823,-0.1378199660574163,0.2461084511451923,-0.2493989896737149,-0.6046906037922185
-0.3397839334963788,-0.3346064677476184,-0.3465176722717561,0.6324586704377871,0.4888151657184009,0.0805247452813401,0.0841571294168707
0.6515900558058215,0.3549974098578094,0.0197776259758831,0.2634929743536722,0.0919459014814227,-0.5914874252171913,0.1458633372610538
0.6029049425146449,-0.2207574478060754,-0.7038560341894835,-0.2267632730958406,-0.0547732226958364,0.1942290425950994,0.0145551958962335
-0.2047875467746465,0.1894115946727007,0.2372961972526592,-0.4559170308085717,-0.7875041939955965,0.0053291329287841,-0.1944845213873406
-0.242400038427882,-0.1807851324062653,-0.3061847284087514,0.2876759015118287,-0.2185498412517359,0.7683616665730596,-0.3064453642650474
-0.362878791642113,-0.5534861920442573,-0.0662161799034016,-0.501453431381605,0.3242157719836883,-0.4478930018260441,0.0201961278367367
-0.3079716284991737,0.4577402255146822,-0.3164094522627879,-0.1991415156396612,-0.2512147865430511,0.4256703966331119,-0.5581674674371253
-0.154660879631121,-0.4011866392008484,-0.0963677966996945,0.0982345956037164,0.3040452094048521,-0.3530957640743941,0.760968065594711
-0.2494624381113329,0.0901668286090808,-0.2402032222404135,0.2885281980536607,-0.1809778956281783,-0.5857224114703481,0.6425485070706464
-0.3987245805804909,-0.4434850106505735,-0.3533887854038878,0.5933187849978029,0.4033876025487981,-0.0384502565637434,0.0568239365829538
-0.3435458627556348,-0.5471691217397442,-0.0798620953812652,-0.6571094487321573,0.3626747921925537,0.0888534640226526,0.0705936792180502
0.6022585248054233,-0.3301483666554508,-0.2990600500624135,0.1156424733499667,0.0397253463138679,-0.5528820235535608,-0.3438313467379981
0.6979509319864154,-0.3094581457080924,-0.15455556957538,-0.2204000532575942,-0.379364353989266,0.1749940398868099,0.4124273487026328
0.4580517274600065,-0.075426956737398,-0.0929682001094771,-0.1649594961221035,0.1971014090372122,0.4150601693978888,0.7331580715716944
0.6142916187743815,0.358900317707866,-0.0340191084393427,0.3669219531342487,0.159006178681517,-0.5620856119077791,-0.1297079398080249
-0.4101491005484293,0.1172706892189653,-0.2109955848788184,-0.2815126989673945,-0.7912513372111528,-0.2588733183719964,0.0340982499227635
-0.1219780406356054,-0.4057610849475002,-0.1613508056944715,0.1636650678909765,0.5463003758264457,-0.4048025440040123,0.5525846200706972
-0.4328381664353253,0.1369516719895929,-0.3113374277210593,0.3870527598777626,-0.1525650205997956,0.606227401473362,-0.3954323969775883
-0.3586801395217434,-0.2328570816819138,-0.1502059008967957,0.6899330344395387,-0.3014498549205337,-0.4767313400646562,-0.0202964705459742
-0.1378847241181717,0.6270598098633181,0.6856512682025161,-0.2856586338498489,0.1158048520559069,0.004328966590582,-0.1504519103133001
0.8280647004029389,-0.2202014431424997,-0.2610996247686301,-0.3008740766206494,0.2014617648720355,-0.2185461357211786,-0.1370134891311382
-0.3579545529444465,-0.0891800125805691,-0.1689795261355672,0.1913485238118981,-0.1324494012039496,0.8697198880627246,-0.1574534788226494
0.5949893335866119,-0.4760925371501143,0.0263221820739686,0.2546384658726882,0.3587239700138351,-0.0225433672513424,-0.4739186568890059
0.5220879840114114,-0.150097141020118,-0.0537609596521118,-0.1818546300754742,0.3636616408949645,0.1703016409206194,0.7125175085478319
-0.3433787426914556,0.059270103487263,-0.2269889248659066,-0.2920990188591535,-0.7565843402739405,-0.3093734127598533,0.2712941440568734
-0.1906884811590108,-0.4951521677790492,-0.292527148940318,0.6327145103057469,0.3583160738064448,0.3227562067496706,0.0006868295887635
-0.2454287701221587,0.3386164847088837,-0.2767115424564863,0.7575085334325063,-0.0589636612828075,0.1475243428765409,-0.386619960730146
0.5836709424511994,-0.5817156379219837,-0.010525006360749,-0.030085521947569,0.3782892633084021,0.1771944054147124,-0.3813379198305743
-0.3320403487224939,-0.1448256846851751,-0.1420530777046039,-0.0760773244813635,-0.1444604820882799,0.8532387074782214,-0.3064682183617706
-0.405086118600092,0.3560424939978883,-0.3338190350084943,-0.0795339662869399,-0.1823511889567524,0.5109852270236461,-0.5449957070542786
-0.0890558638457467,0.1009700485465226,0.0678761986798855,0.8585946731559209,0.4299020983386911,0.2307502436786878,-0.0449513312201454
-0.4328381664353253,0.1369516719895929,-0.3113374277210593,0.3870527598777626,-0.1525650205997956,0.606227401473362,-0.3954323969775883
-0.1362482448982225,0.0296749920927825,-0.1696429884823521,-0.260964060664916,-0.864862904934837,-0.3331735846440699,0.157106156052517
0.6439822113607382,-0.0893621842934364,-0.175022764242031,-0.1563265772400277,0.0942034368138132,0.6868763905916302,-0.2038550496186339
-0.3407541972330266,0.5787767513788369,-0.3700362927395264,0.4180814694326729,-0.18555943132109,0.1152786631241422,-0.4352741703571949
-0.2446567399578478,-0.3416770616195153,-0.1863426135980337,-0.7058263391530408,0.2586526793734284,0.4721960803504171,0.0248017665937619
0.9354662240482954,-0.0849162399133886,-0.2446685940961709,-0.1046823367818254,0.1843186304563599,-0.1066901089753931,-0.038922055523911
0.1088519365546079,0.1253980452074666,-0.3832771117943476,0.0764873179886676,-0.1006740732985442,0.8335226555135404,-0.3387914485920161
-0.4294524232676491,0.1953568940657154,-0.2812819363715715,0.5228537689686155,-0.3186397191646141,-0.52383555427643,0.2213046544551535
-0.4708062575253915,0.3201302726410592,-0.2551377613381876,-0.5988331327011038,-0.16893895282774,-0.0955329665739506,-0.4631357909376719
0.6373066146010284,-0.3810591470020856,-0.0011090430749327,0.1376140918554281,0.3958974419920183,-0.0140663505009088,-0.5222668766309471
-0.3293905105066126,0.0446422113845834,-0.1348651233999329,0.1919616633874719,-0.2637384858519548,0.825098231047284,-0.2900448293520919
-0.2199861163369732,0.1111996307017981,-0.2256893570100006,-0.3714998977591977,-0.7223662143625627,-0.4252997448930595,0.2181744031491236
0.0377931301733012,0.1550166266931496,0.0307648354044737,0.8750898776631836,0.4055238914877446,0.2081186215731916,0.0070546765667196
0.2841750527069406,-0.0125814533084216,-0.0189353556466972,0.0419376830608853,0.1488974620240855,0.2970154205472816,0.8980981657132927
-0.0941164833643176,0.2858059940799657,-0.6209437869989142,0.3523284679679634,-0.1923250127483125,0.2431777864211974,-0.5510228117025097
0.6495172928758066,-0.5393100576160019,0.0392926637746071,0.0974754301415302,0.3011990148353954,0.0436100729963133,-0.4284902450431876
-0.4131570627132259,-0.2410482868880205,-0.2858183686691563,0.3979735820241283,0.2610307465238094,0.2828010209930255,-0.6188767122418178
-0.5930097053651192,-0.3955868526005626,-0.1843602037503928,-0.0101661826448234,0.5280989845174153,-0.3016754671528001,0.2964150307688787
-0.21648129148242,0.0879391922223644,-0.1732286588977104,-0.3725924409859855,-0.2097360020619944,-0.6953358785708968,0.4990872458569514
-0.2544284324743409,0.5802745253542234,0.7127435157329615,-0.2020746736367231,0.2150870442606054,-0.0578455380208623,0.0100802852699483
0.6879769519931795,-0.5215346479514409,0.0501913412134811,0.0309548248104661,0.2192646307834249,-0.2100223558161217,-0.3987801202985687
0.638343277652709,0.6993568709917197,0.0829077846088055,-0.0644875605985053,0.2417137875229417,-0.1535670426153308,-0.1018679978956929
-0.1168715200567679,0.5040514713796532,0.7515691832591846,-0.153367168201019,0.2570516612625009,-0.2742814142337767,0.0508879724577209
-0.3232767420284965,0.0904452915271063,-0.1903897640389854,-0.4436741359997196,-0.724498821289022,-0.3009304662828904,0.1968733311336991
0.4864444343345205,-0.2411943645680857,-0.0697116786950747,-0.2940735732420162,0.1722173712301576,-0.0627511466138955,0.7617490248270544
-0.1593184576443632,0.1226982319276534,-0.21417166746075,0.6599305836994105,-0.0779209172644541,0.5960702582995447,-0.3417798594333296
-0.5046356868093615,0.2362637569773308,-0.2736861206072441,-0.2164998833488125,-0.0896431681781264,0.648739985622349,-0.3726211240496316
-0.2194889954054926,0.1005181942540773,-0.1980076407959662,-0.3181202903490501,-0.7771809747279201,-0.4033230908336875,0.1861003640398371
-0.623527055425755,0.1516038125558245,-0.3443664282221087,0.2543100286161886,-0.0809251142527729,0.2501826265915529,-0.5795068997555883
0.5067078484145997,-0.6343418143859257,-0.0013285317365016,0.0587314891372371,0.3071256753159415,0.284008336667725,-0.4030130895252974
-0.4057152113325384,-0.6049206288082539,-0.0594673955071559,-0.5497399277138163,0.3284259625311173,0.2329240498295063,0.0399826841389417
-0.278546547221265,0.5834427593211794,0.7006883891566652,-0.2457632380610382,0.1030549587210727,-0.0041843148338025,-0.1414381374946682
-0.5550041978859196,0.0992197474700497,-0.2448483324855875,0.6187093489075719,-0.3168956292244257,-0.1232699050199915,-0.3517890111831232
-0.4328381664353253,0.1369516719895929,-0.3113374277210593,0.3870527598777626,-0.1525650205997956,0.606227401473362,-0.3954323969775883
-0.1766460765621451,-0.5876148141426444,-0.5143201417080235,-0.1318305967076072,0.5670710298856415,0.0149656438750383,0.1407371877234452
-0.162099208307647,0.6364289660256109,0.702174583505608,-0.0838005381863516,0.2243007934557325,-0.1347314813834394,-0.0121212180642879
-0.2655715206800755,0.6046793186346042,0.6510945703826173,-0.1956263622727124,0.1861564519095384,-0.2587839681649257,0.0041843822422939
0.6897725839042067,-0.5107648029659642,-0.1707247527350362,-0.1894192783622398,-0.2372200699013491,0.191052461597019,0.3248570296103524
-0.1030988654845581,0.4144640240720306,0.6313139277815994,-0.6173083591397766,0.1102434792100899,-0.0876175854034237,-0.1346582527388141
-0.1985898965997728,-0.0805713359320439,-0.0177238656410861,0.2958667541460318,0.4218799594272808,0.1996726422494963,0.8052125042143758
0.0860351992844251,-0.0240792934390569,-0.0806381085690229,-0.1938292337390123,0.1710623797332978,-0.1916226837837431,0.9391295251484852
-0.3887826397735614,0.0601389250332068,-0.1955209815596766,0.4657096442964233,-0.5359579583422129,-0.0076760027354076,-0.5502795540063646
-0.4984985218378296,-0.6078787286917011,-0.3257606105172669,0.2259757155416984,0.398253831798215,0.2569085456862999,0.0137680849025741
-0.1227946002871571,-0.1760766898155998,-0.1462871681797114,0.4807040867102254,-0.2834985227041895,-0.7861860502260638,-0.0546096414969943
-0.5899802673688652,-0.4401283255930208,-0.0367496800713456,-0.5930884645738532,0.3189881538282442,0.0576472445136261,-0.005406315507242
-0.566377573420559,0.0412242704954976,-0.3272902275220971,0.2604764758640653,0.2214907595197074,0.2389793785348818,-0.6295878147016418
0.902922658046642,0.2723244365727953,-0.0115551603853215,0.1967882556651258,0.2420783716795592,-0.0221734515698418,-0.1123269137050253
-0.2887138739586463,-0.3673188045374574,-0.1346423728496111,-0.0622208770701835,0.5616344374016803,-0.3133025267588342,0.588327692836259
-0.192827510702331,-0.4835199804699714,-0.3749189846952366,0.6131334585600147,0.4488632964272461,-0.0503763517800557,0.0922662495920738
-0.3523743722369037,-0.3024462556921453,-0.1271962774801465,0.3529179257112019,-0.3666021574849771,-0.7131969967347916,-0.0241145369264944
-0.1975269387792668,0.4090775573817876,0.6099577189003381,-0.6261065625404653,0.1099124201353995,-0.0801142256144557,-0.1052700563069867
-0.7152999568836266,-0.4438269056800128,-0.045492797735678,-0.1149463451058748,0.5125403426296369,0.0874125397097911,0.0757815126290525
-0.3695557310976899,-0.3454339444356991,-0.3095203773834362,-0.4268397406441097,0.3103642869713511,0.6077087708547684,-0.0217481639381813
0.5696469456018716,-0.4436373209193103,-0.1497939441160701,0.1075661595071494,-0.3711004965283638,0.2159983682673027,0.5102045735499575
-0.2560736097210253,-0.4957762391985998,-0.033488564681361,-0.5971418221487654,0.3472631084176205,0.4503091845743295,0.0869618258036575
0.4814304131218506,-0.4174131262892739,-0.1467243966536261,0.118028786131912,-0.4883857031225742,-0.1625557888474953,0.5418368914085059
-0.5747743435383883,-0.2842802863242335,-0.2838182641744545,0.1814037092696789,0.2178625308448457,0.2931815141070893,-0.5847559982089807
-0.3248293632189275,0.6014791553384945,0.6878025214948923,-0.1489877420714112,0.0927438753610098,-0.0429051620164809,-0.1643069544394548
0.6687065030846869,-0.2223231578088749,-0.2514243788993805,-0.0179876894680247,0.0958160720448446,0.5758839560323258,-0.3147112970315137
-0.4650184420062915,0.0187062918631275,-0.2243403047819556,0.587405931436539,-0.4362582910070843,0.4151865183135528,0.1591618080461898
-0.6657599679457832,-0.4802977703224522,-0.0868139961409274,-0.0984544782793928,0.5425855074631512,-0.1196145302010047,0.0118782970426694
0.7365429807476082,0.5243975092501506,0.0576908167062567,0.0168893995022531,0.2922774926557349,-0.2897470319678099,0.0975639913523775
-0.3866533514315771,-0.1024377232158744,-0.2219572453707954,0.0516137411889941,-0.257581593475823,0.7212641885513896,-0.4488946364713244
0.0608338294265651,0.3771008177368367,-0.270636607414967,0.7755267428892899,-0.1937750677188435,0.0870300894138197,-0.3664495912361411
0.6868997576641961,-0.2755091592135966,-0.2909034536418253,-0.5205907437464555,-0.1442539817303321,0.1363462290404924,-0.2392161760342281
0.6230709366376986,-0.5444767518329052,-0.0016336228381007,0.0219933338230363,0.2632615462491051,-0.0660076120354836,-0.4910984143678173
0.4775907739870372,-0.2969811661045788,-0.1551660416349844,-0.0662209144359728,-0.3369854074982742,0.3690436439027981,0.6367850136619013
0.240670981695234,-0.0969862043626207,-0.0699112098491722,-0.4578752056654087,0.2076889639636671,0.4307411072374763,0.699615084379261
0.733005215608397,0.2817175711093985,-0.0237002535586792,0.1080489573719325,0.2888541618158146,-0.5355052611484042,-0.0299945544268213
-0.1924444907786173,0.1644429851394294,-0.2470321136334659,0.6233690150178858,-0.217866517739862,0.6195841189800597,-0.234434486610684
-0.1609864734466118,-0.3016478600230239,-0.2834358939507791,-0.3979824612576138,0.3564922350410098,0.7177018204107756,0.0467264571408119
-0.1580944809984346,0.0777596444756497,-0.3620175762490077,0.4203134131296149,0.4006609916627731,0.3637168710927969,-0.6069763499851148
-0.1200505539268809,0.308524103607157,-0.2368690256943167,0.8617955700021629,-0.0994098830066814,0.0216885699389113,-0.2850429498884766
-0.610152765256914,0.1053175780665961,-0.3181667691094396,-0.217720946270649,-0.0991934878188875,0.2365895112197462,-0.6341729752552747
0.7215657633017348,-0.3981108895884052,0.0598133134405424,-0.0470363977884472,0.2045017739989205,0.2627033790596543,-0.4519142315774064
0.6738024898665088,0.4516559897741324,-0.01916448434269,0.3151169646469706,0.353457538601357,-0.3417359231400421,0.0248076585733971
-0.1830030170159144,0.5935250995058606,0.6899389976577036,-0.2822606974391445,0.1219805606988958,-0.1444115626918309,-0.1510528834030272
-0.3948405612692826,0.0856712648808278,-0.1689201843893713,-0.3285993722488351,-0.7845909738009166,-0.2728363775603835,0.1011291467563455
-0.453959738948839,0.2767920593061258,-0.1843443663567684,0.2601986644604084,-0.3869275944552381,-0.3960471064076447,0.5559264763251808
0.5118968068687362,-0.2159661959629926,-0.0963019370312755,0.0110296607292608,0.3994870436797579,-0.1804878373108843,0.6998276840351021
-0.1359256041201698,-0.4164707216814373,-0.1353643675867841,0.7201826478234938,-0.4021058172889629,-0.3173528921228631,-0.0932087091001188
0.7845698636531069,0.4697181643831208,0.0968611110370755,0.2644270837987372,0.1489369663114316,-0.237890503441413,0.0757436865791086
0.8666432682293803,0.1182357654287109,-0.2917748809440951,-0.2416609304379634,0.1513708129810613,-0.1987912456668815,-0.1702529899289995
0.3874834780990107,-0.4049079063275199,-0.1989217068971102,-0.1170918406951873,-0.3658962369647076,-0.223360949579027,0.6699668849575572
0.5538828414898233,-0.3117227865025651,0.0570896337205859,0.2981834225157637,0.378774250654985,0.1044182172235955,-0.5911827344309634
-0.4897801093826347,-0.0311692910485734,-0.2504406085608739,0.1227399571052306,-0.4330390518038889,-0.5502082420277221,-0.4371571734281403
0.6713478864423635,-0.4938818725076811,-0.0163177534559318,-0.0911572454558745,0.3094419210459966,0.0763657705368337,-0.4418266237908326
0.1043220908269572,0.1197199510174165,-0.3384279781800476,0.5445560653681994,-0.1683384340689148,0.6236250331822669,-0.3827051339519658
-0.2907940493522806,0.5899607352373644,0.6576644984757799,-0.1841582070388984,0.1775780201942342,-0.2603158192799834,0.0406206221123963
-0.3961748666119832,-0.6515289577031581,-0.358304972438082,0.1500549486552646,0.4212406989738887,0.2997140691207104,-0.019603615700187
-0.4879991806781211,-0.2956268748215849,-0.1206679789639055,-0.0383928637215496,0.376804155451138,-0.4243498346224619,0.5799763992606721
-0.3401038778131801,0.0642400327102264,-0.3237879384283504,-0.0007489030611762,-0.5429388078036422,-0.4459340410196504,-0.5307764714142805
0.4743056613632976,-0.3922069228258146,-0.0012142804483662,0.2858593179599159,0.371323366317064,0.1639003339351743,-0.6121654051868796
-0.2190033884567927,0.5394073314239646,0.7593779220338501,-0.1556419503172013,0.2243523259129247,-0.0992332135316846,-0.0040993498467265
0.776813696491935,0.4683370565463917,0.044095922937592,0.2202290436373541,0.150422647704207,-0.3144903889070096,0.072418386267785
0.0112755022896079,0.0742572608143558,-0.5528718888500099,0.4606767569433004,-0.3033657215305124,0.2844472298002107,-0.5509331491708852
0.5978779776377547,0.5536070909650335,0.0425419561593452,0.02586982292064,0.2632267386219213,-0.4888749489912131,0.1590440669767919
-0.4428159920222,-0.6297373179113558,-0.1303804265243219,0.0519027863478614,0.5617569582722272,-0.0848485857248078,0.2547190415361717
0.7236574421537201,0.3368583623005029,0.0385071778004104,0.3089208834124259,0.1214264823049533,-0.4996620028177898,-0.0390503207215007
0.0616470027822387,0.0705387184976224,0.0045258536037404,0.9439849740885492,0.2646250978307758,0.1642973086220698,0.0554596570713824
-0.2650513980193591,-0.1803916751292076,-0.2175372581944532,0.3360369037371151,-0.3187964563062448,0.7593134463202303,-0.2424360745845169
0.7538134118594876,-0.4048004107560659,0.0232244589819721,-0.0966561948802951,0.2753362521125706,0.1115935520529199,-0.4120157757435401
-0.0988905219174205,0.532509743522204,0.6700043965614879,-0.4487384690925931,0.0853516531011735,-0.1894290186482999,-0.1149507498034191
0.3311625001411934,-0.0691759438241104,-0.0376264893201189,-0.1002052444697044,0.1387680405258809,0.4137972262110026,0.8268038038659324
-0.6040466957128157,-0.0534252121612898,-0.2809158907481542,0.3118105044253678,0.4150592210897986,-0.1696609248377362,-0.5050493256412216
-0.2907940493522806,0.5899607352373644,0.6576644984757799,-0.1841582070388984,0.1775780201942342,-0.2603158192799834,0.0406206221123963
0.1787948585379631,0.0324229061312812,-0.0415043195567816,-0.2421237000125342,0.1777925747855012,-0.2449647805238435,0.9027827621985304
-0.4332561945283411,0.3038329491830502,-0.3823735436140317,-0.0520329255087709,-0.068960610237599,0.0611429807020652,-0.7500424166986303
0.6934701253217456,-0.1261559902068867,-0.3158603015044974,-0.1926014714728928,0.1350528657865294,0.5302720217925551,-0.2586370060297028
0.0523339721935499,0.0498536503195018,0.0059577722076606,0.8064353734191013,0.3683497764614812,0.1020302666640502,0.4453207037834885
-0.1503502288840108,-0.060999673227521,-0.1944894204543151,-0.0467261786787351,-0.329626167770876,0.8793371979593425,-0.2275457314558706
-0.4382920681134868,-0.0392188827425546,-0.358360102037663,0.4053324375016588,0.4354648921886741,0.1483177926811338,-0.5495614203044558
-0.3080643183657579,0.0263164773204507,-0.2024344832022566,0.531975951778544,-0.4649543181377988,0.4150773051419519,0.4381255508553915
-0.1605745634107694,-0.2037275312009326,-0.1394748447689474,0.5391453469690847,-0.5098698693000703,-0.5946711350182213,-0.0947571775146711
-0.1174309201957296,-0.5047223942627224,-0.2456248857890765,-0.0193853619288086,0.3426900067174073,0.7382975302278886,0.0907646577204172
-0.3579545529444465,-0.0891800125805691,-0.1689795261355672,0.1913485238118981,-0.1324494012039496,0.8697198880627246,-0.1574534788226494
-0.3175367817872472,0.1818947678149636,-0.2511292066124746,-0.1647032705695868,-0.8394579846557119,-0.2654079924328677,0.0275776984923436
0.8197673578420751,-0.0374199672062832,-0.1677691494104911,0.0076516129474051,0.1601687980940273,0.5216947938798777,-0.0235942482828727
0.1786046130269748,-0.1245373189420704,-0.06160244585138,-0.3157997812590808,0.1481087771815598,0.4460775420495296,0.7925560559473905
0.5158755976222303,0.0924552084113985,-0.2281552229909847,-0.6305304193692043,0.0007160353721908,-0.4439732461597687,-0.2803359246961474
-0.5495941281977104,-0.5737329990652957,-0.0510608931819135,-0.2346061505697091,0.5077419428897849,-0.229592599929005,0.0247959033877405
-0.5573523642794393,-0.3202952828473218,-0.1972803751539607,0.5329664007978538,-0.5069262327390073,0.0333513326282444,-0.075564715248091
-0.2187933825763564,-0.2299780751215643,-0.2051341410474549,0.3823322526533912,-0.4508844149689546,0.6608948189165,-0.266275902269268
-0.1200505539268809,0.308524103607157,-0.2368690256943167,0.8617955700021629,-0.0994098830066814,0.0216885699389113,-0.2850429498884766
0.6270548017422386,-0.5391062254567391,0.0068898112965509,0.0174757379732048,0.3227719263348391,0.1513938707726133,-0.4344100158041499
0.6369613699961247,-0.5454192503869346,0.0347516118660346,0.1063868365538623,0.3729426933662555,0.024378414174283,-0.3802521023056394
0.8075958292737048,0.0492009904778039,-0.3784692365597668,-0.1832212417047901,0.0455888334805949,-0.1869757841235567,-0.3626581959021501
-0.0942381111165192,0.6569288878923046,0.6979140411913193,-0.0927544265174824,0.247235952713082,0.0084809797414962,0.051755954284159
0.8473514498457831,-0.199729271636823,-0.303220385490055,-0.1255948532930426,0.1916157088038433,-0.0675736727506216,-0.3051299527018408
0.5695047368262404,0.7486655841307248,0.0099644920147315,0.2856286138409963,0.174871597158876,-0.0082499108847867,0.0532265460304498
-0.4268312983106315,-0.1724680585733653,-0.1180741530382406,0.3024123732059848,-0.4115744817908719,-0.7118150872882267,-0.081245245510434
-0.2663073743328465,-0.5123560268090739,-0.1067303969031169,0.2511532374422799,0.340560861041143,-0.2045678419718759,0.658993669032878
0.5207935091294045,-0.3461097587718446,-0.1546818349945302,-0.0016041222967743,-0.2401761805800574,0.3176003484089503,0.65306855185229
0.4964513133617133,0.0073084744234238,-0.083273584870147,-0.3341441268250819,0.1504293993837897,-0.4275264587835399,0.6553533513115261
-0.3770583423203527,-0.6121693912638414,-0.1426649112006206,-0.0918825047080457,0.6690846211521558,0.0256531964594214,0.0771210384789461
-0.2725771257416405,-0.5991311224031375,-0.2237905392708562,0.1484165760096206,0.4400017947444614,-0.0356153003453566,0.5475069809525585
-0.1972970294057562,0.18411089795746,0.1883790907008285,-0.3941307055654161,-0.7729775823933681,0.3538390504933502,-0.1168543881138687
0.0926146264303508,-0.1904809282248812,-0.0367900620667289,-0.1561514373601668,0.188243630380842,-0.5532760310133885,0.7667155509211661
0.4109930823192903,-0.4588687868355828,-0.0266130328154959,0.2831356231738186,0.369826942905101,0.0538002312058351,-0.6324426104807694
-0.3578305542506207,0.178584851506531,-0.1592503438427034,-0.2952377015732312,-0.7315382484093651,-0.3723706962862638,0.2317986809157059
-0.235416693584817,-0.3375668965639627,-0.2677934912897712,0.2452826928733054,-0.6790297750526855,-0.4630797666053382,-0.1524018099566634
-0.2907940493522806,0.5899607352373644,0.6576644984757799,-0.1841582070388984,0.1775780201942342,-0.2603158192799834,0.0406206221123963
0.1088519365546079,0.1253980452074666,-0.3832771117943476,0.0764873179886676,-0.1006740732985442,0.8335226555135404,-0.3387914485920161
-0.2065885066298357,0.1473626561503857,-0.2905586497836491,-0.1773629765101082,-0.249204949044699,0.6748571937517334,-0.5497164209965891
-0.3842095227535783,-0.3122339955960983,-0.1848743221275295,0.0438613303756383,0.4139869543830947,-0.2171720329236571,0.7072777057503963
0.0707346764531199,0.0388551854051524,0.015557367896298,0.8981808721671829,0.2661612467123961,0.1326048363678678,0.3131934185318967
0.8917556027506038,-0.149097943100393,-0.226354081262971,-0.2099499330638979,0.0924790245361198,-0.2203684060473247,-0.1735280941669371
-0.3839917093919647,0.1219023257390748,-0.2082555872203557,0.5853568467208077,-0.5871262881995258,-0.0508462989146595,0.3230704846901793
0.5234606525926169,-0.3079326921733488,0.0330568853685617,0.3318001126188974,0.3682071096574734,0.0960565785011732,-0.6125185613500538
-0.655956731944222,-0.5538081216439872,-0.2429808468898479,0.1821346356245375,-0.4069388945675567,-0.019337636482055,-0.069508306498194
0.2667137706277748,-0.4403306519257782,-0.5020845259190279,-0.5606286559979595,-0.2176542579237723,-0.2014039068418641,-0.283976074265432
0.5427320752324922,0.4565512449641462,-0.0270341897740835,0.4190801274138686,0.3064033093466111,-0.4678993859076703,-0.0884931145017798
0.8391553594026513,0.355970093096101,-0.0353763329449142,-0.0529298090526937,0.2530092978804316,-0.272826834789713,0.163102236013655
-0.4742256524924125,0.2270592958512711,-0.2756574259804326,-0.4407743823349194,-0.1678142352407659,0.4765155326189657,-0.4450352387038619
0.6450851825335634,0.0290922118779114,-0.2237862919494535,-0.0649397785460249,0.1021077703320632,0.7097553314323187,-0.120592885042241
0.3529781151181216,-0.2092869254740452,-0.0617669960368451,0.1141541848641252,0.2571299685102493,-0.0916191130607167,0.8603773653274224
-0.1168715200567679,0.5040514713796532,0.7515691832591846,-0.153367168201019,0.2570516612625009,-0.2742814142337767,0.0508879724577209
0.8600992448068081,-0.1955986719549372,-0.206527904051756,-0.1849498679132953,0.2233389154100711,0.2189124415659291,-0.2175023944929417
-0.263339515582911,-0.3263184393988098,-0.2167696897325247,-0.842729446251383,0.2302003058603867,-0.0878152535511021,0.0792644819608721
0.8064849991883234,-0.1955467747454034,-0.3491241219331212,-0.1481510948181001,0.3348706214076128,0.0425872068432538,-0.2314195374009615
0.3045624508583406,0.3054846616228244,0.0489957117101501,0.0049222279700387,0.6154409058583852,0.2863432066662871,-0.592229758065613
-0.1964507908080695,0.200808850210217,-0.4091375377988285,0.6514684804039644,-0.1178839748378413,0.2441605518769628,-0.5057342978835472
-0.3401038778131801,0.0642400327102264,-0.3237879384283504,-0.0007489030611762,-0.5429388078036422,-0.4459340410196504,-0.5307764714142805
-0.1512169385761455,-0.4926849673881511,-0.2662354621989014,-0.6269468250522022,0.3716273007120645,0.3580086026532199,0.0646088803017749
-0.5701796431984504,0.1412088072844766,-0.2304489998630359,-0.5782899513719788,-0.1525933862755269,0.2180746855589072,-0.4433823720165877
0.5949893335866119,-0.4760925371501143,0.0263221820739686,0.2546384658726882,0.3587239700138351,-0.0225433672513424,-0.4739186568890059
0.4747951034938281,-0.1869924329058806,-0.0605127554451099,-0.2149534810450647,0.0771612396559873,-0.3498610890712134,0.7492529670264442
-0.2496927096860868,0.1824133719732812,0.234903194536218,-0.4302465723640336,-0.8095085150682313,-0.0326658608279307,-0.087841870363935
-0.3653277383462708,-0.0944010681222833,-0.1585775586514625,0.3531149228242092,-0.4251498910193788,0.6724999278334389,-0.2734565931430342
0.7790752358420906,-0.4314280349205645,0.0069577738231504,0.0145778639755962,0.2378493436145698,0.156782638264667,-0.3542563999822652
0.4372959968883404,-0.0072612495666119,-0.3930717028294895,-0.6425268176428217,-0.3572229442338578,0.3372833942088301,0.0022562155354402
-0.3049030749379863,0.3252814017132847,-0.3540696114024663,0.3496690372012033,-0.5691361195495322,-0.4734369578022351,-0.07439034687348
-0.5244714382076769,-0.2866686410222147,-0.2274156530277158,0.2336975184497387,-0.4283997540029781,-0.5810899720128291,-0.1233956505861387
-0.1734395548367492,0.0661109970972536,-0.230274203210684,-0.1708341952268753,-0.8599573249356874,-0.3625616103421672,-0.1111755546568518
-0.1708357043802915,0.1817715086995721,0.2473483361302164,-0.3349086261326054,-0.8709943984914671,-0.0287701994488993,-0.0705005454568504
-0.5476148122656114,-0.67193542980329,-0.0317806339464931,-0.3013883783917094,0.3896938457216248,-0.0472111614980589,0.051823209814104
-0.2686836904080094,-0.5131187895957534,-0.1817932085064106,0.6573560755832284,-0.3980470630935867,-0.171732966273899,-0.1068584360947771
0.3311625001411934,-0.0691759438241104,-0.0376264893201189,-0.1002052444697044,0.1387680405258809,0.4137972262110026,0.8268038038659324
0.2593788952986359,-0.2181891974443342,-0.0936687068819966,0.0267358144846292,0.4271322568022178,0.6496589950287867,0.5207001610758208
0.3281963700408521,0.039622736678348,-0.2950054584363259,-0.6085230240792443,-0.2031029723113755,-0.4951596907885069,-0.3833467794893626
-0.0959554395755109,0.6393804163843219,0.7202451546819193,-0.1092424571966457,0.2186281259171136,-0.0590066240363281,0.0042661857372915
0.3438121281473819,-0.0913269160159131,-0.0644747946864098,-0.1131755469407688,0.1792338129978067,0.4172560947857092,0.8063866957093477
0.5012498375592264,-0.1220193169096458,-0.115449177527061,-0.407864227557152,0.194407540068408,-0.0167935290927129,0.7184022770568366
0.5047712694966617,-0.4241626098240037,0.0436652701177725,0.0167605073966177,0.4155914090863746,0.1745348510647811,-0.5999381984444436
-0.1637667121432276,0.5185858020687272,0.7696392543168651,-0.2110636658960966,0.2221099936243821,-0.1191614794895164,0.0618422960251256
0.8316775562464697,0.0855606981189311,-0.3622866310832579,0.0063304620851522,0.2706093221894979,0.1436434703629194,-0.2753856926706082
-0.1975269387792668,0.4090775573817876,0.6099577189003381,-0.6261065625404653,0.1099124201353995,-0.0801142256144557,-0.1052700563069867
-0.145525902937064,-0.230700145093137,-0.2125653744403614,0.7084807151107511,-0.5404094813866742,0.2907033446840529,-0.0438160969329292
0.5086536655240437,-0.2695270453853924,-0.1502436630531667,0.0105122944887149,-0.4833495616398458,0.5381370228998856,0.3503208523321739
0.6356295592364766,-0.5632981104333219,-0.2022492547018813,0.172253003473405,-0.3229607956259129,-0.2394130888735857,0.2155739811264383
0.8917556027506038,-0.149097943100393,-0.226354081262971,-0.2099499330638979,0.0924790245361198,-0.2203684060473247,-0.1735280941669371
-0.0918627083840129,0.4856728631930038,0.5625106248647623,-0.6061447883653401,0.0937320950503813,-0.2203340834003843,-0.1205014160399537
-0.3865145044064839,0.1005596858396292,-0.2974917125246681,-0.5945352226702794,-0.2288595452296009,0.1772552711319348,-0.5610033109207392
0.3110536787342273,-0.0081741085035033,-0.4278106662022267,-0.3703332149751915,-0.3794812838582285,-0.4186961147887629,-0.5135150001002192
-0.3717501207506595,0.1633141543166702,-0.3437806742571963,0.470511098803114,-0.1443896742078808,0.347276084934612,-0.5950759879600964
-0.1291582127373987,0.6183536910914105,0.7119139446740114,-0.167194928873642,0.2447510546465696,-0.0217924969193285,0.0761791852223982
-0.1372118604013258,0.1885291199987634,-0.1708427882582427,-0.43439968739666,-0.7821476820608382,-0.3139660931059519,-0.1319455395008677
-0.3137668400175831,0.2473948008156531,-0.1714280554345293,-0.0752009119428063,-0.7856746195109076,-0.356606081903076,-0.2466797962821386
-0.1829593823620016,0.1742416156556037,0.1967866631877991,-0.3225584631363057,-0.8869114089632375,0.0102958876223462,-0.0817246485395236
-0.6261111059118452,-0.4978437076590128,-0.1016813860228234,-0.318909440297309,0.4298028453174571,-0.2376230028910842,0.0830602978440954
0.7027818000978557,0.1081689884775946,-0.5258339225556915,-0.1325236600981979,0.1023351827376247,0.1027739112439562,-0.4234364300913422
0.5491005833853955,-0.1342173365879917,-0.1109166340439329,-0.01758152079673,0.0951549950279313,0.4694796311771116,0.6621155859326378
-0.1916939113330835,0.171571239774768,-0.3086941359836973,0.0092634358427948,-0.1609743595212511,0.7682033437775219,-0.4715821788314267
-0.0683139769116354,0.1845039342738765,0.2029242010625974,-0.3702789441527245,-0.7576842783443568,0.4099191864571977,-0.2022067403928167
0.6373066146010284,-0.3810591470020856,-0.0011090430749327,0.1376140918554281,0.3958974419920183,-0.0140663505009088,-0.5222668766309471
-0.6271505317137107,-0.2601067378447746,-0.1305297063891414,0.4777399823668327,-0.5201836040688054,-0.1183787960068634,-0.0956487282247714
-0.1276873337216909,0.1522775076002744,0.173475721008236,-0.4324126715921501,-0.7115529802463684,0.4634798612290276,-0.1493711340619011
-0.3030787811544659,0.1155263598318264,-0.335660888311074,0.3932626801566629,0.3572713941643072,0.407307215017964,-0.5778677431370882
0.317019813246411,-0.1292433413391672,-0.0743153380350294,-0.3209097256451896,0.170514812633903,0.3153768443943825,0.8035862865554843
0.7790752358420906,-0.4314280349205645,0.0069577738231504,0.0145778639755962,0.2378493436145698,0.156782638264667,-0.3542563999822652
0.0163869225285325,0.0871780524531947,0.1358819378331392,-0.2647286597950321,-0.6111318528543174,0.718544025561507,-0.1174675842565169
0.7967146507324718,-0.3043453314268329,-0.170948371162839,0.0629201656107189,-0.1332901943173099,0.0198344796582796,0.4704016467007289
-0.6740896996806442,-0.2231779709587061,-0.335469034982009,0.2485937587149564,0.2631383928291786,0.0060114916208277,-0.5021736631357652
-0.1766460765621451,-0.5876148141426444,-0.5143201417080235,-0.1318305967076072,0.5670710298856415,0.0149656438750383,0.1407371877234452
0.5469867955635543,-0.0424906351816779,-0.2727970098164777,-0.6147921933766837,-0.0072511450698789,-0.4826424801030178,-0.1166876132862038
-0.4564589031819111,-0.1398346414733534,-0.3392177909228433,0.2786644353548473,0.3026093126473879,0.2148526036786881,-0.6645561888443592
0.2651691240752388,0.0080656863919453,-0.0836583986999599,0.003239383632227,0.2248055149753916,0.351059657498966,0.865350019572541
-0.2084874802782786,0.6018507174388493,-0.4319344553943222,-0.0664632960430267,-0.4020483648797689,0.1164363332549615,-0.4776228989522044
0.8316775562464697,0.0855606981189311,-0.3622866310832579,0.0063304620851522,0.2706093221894979,0.1436434703629194,-0.2753856926706082
0.5406209615854418,-0.0656191321378894,-0.2482313065922201,-0.1463220975908337,0.2095167850937952,0.7084249376560827,-0.2731867347566057
0.6450851825335634,0.0290922118779114,-0.2237862919494535,-0.0649397785460249,0.1021077703320632,0.7097553314323187,-0.120592885042241
-0.1645532536917067,0.6147956858371459,0.6949937500460053,-0.1390919587565397,0.20552462528819,-0.2242765384807286,-0.006728184674728
-0.3866533514315771,-0.1024377232158744,-0.2219572453707954,0.0516137411889941,-0.257581593475823,0.7212641885513896,-0.4488946364713244
-0.154660879631121,-0.4011866392008484,-0.0963677966996945,0.0982345956037164,0.3040452094048521,-0.3530957640743941,0.760968065594711
-0.235416693584817,-0.3375668965639627,-0.2677934912897712,0.2452826928733054,-0.6790297750526855,-0.4630797666053382,-0.1524018099566634
-0.1286196422196018,0.1151180615051474,0.2052014823395667,-0.4722756003760325,-0.8031963358185809,-0.1763982791541719,-0.1697416322672588
-0.5255739581636241,0.0295856988746107,-0.2959712328802228,-0.4257911749196774,-0.4061850906319281,0.3975888894092744,0.3618512854154808
-0.310170079631205,0.2200792878113451,-0.2302315815986245,-0.0495069778917221,-0.7774621939398884,-0.345938353480993,0.2752840339316509
-0.362878791642113,-0.5534861920442573,-0.0662161799034016,-0.501453431381605,0.3242157719836883,-0.4478930018260441,0.0201961278367367
0.6002739577489574,0.5007162267574921,0.0087708603638979,0.2424595324319026,0.1830058926159208,-0.5229363085264402,0.1521096431660815
-0.299420218471201,0.204422474276122,-0.2368014233978937,0.7422165299904894,-0.2513745181500961,0.3945753997413968,0.2066876842262716
-0.1598117636849911,0.126593603970769,-0.5360308097943208,0.4303836427737273,-0.2594932122960628,0.4013315433308951,-0.5074164125307322
-0.1344383433753851,0.140307589056841,0.266466376229499,-0.3388021950914865,-0.8647382470701879,-0.0063085842698348,-0.1692241739301372
-0.4857942581683221,0.3756639213728237,-0.2677325354361515,-0.34044863431585,-0.1309091827335085,-0.3050349218848232,-0.5701851068535987
0.0523339721935499,0.0498536503195018,0.0059577722076606,0.8064353734191013,0.3683497764614812,0.1020302666640502,0.4453207037834885
-0.231684302235648,0.4522708809635121,-0.3507777518145857,0.0395826275781909,-0.078708122639867,0.498290974221864,-0.6022231772320905
-0.1519734516804203,0.5780007809086111,0.7262376983267029,-0.1710568105886368,0.2591878809547712,-0.1308689973951417,0.04280757200212
-0.4057152113325384,-0.6049206288082539,-0.0594673955071559,-0.5497399277138163,0.3284259625311173,0.2329240498295063,0.0399826841389417
0.667672221721439,-0.5299997538194813,-0.1521741975184147,0.1929269667147723,-0.3648269025638321,-0.1286724252165567,0.2515571556749681
0.3734399361867663,0.0507251460148846,-0.0301752741862535,0.0435527177903082,0.1674752038277486,-0.0701745659473075,0.9067468078909436
-0.2014313354639435,-0.40841560459524,-0.2234777559585015,0.0976779090083347,0.5579303961899007,-0.1419518190083623,0.6337997978758168
-0.0399046299256165,0.0183404506379778,0.0346925452878564,0.0015414732105287,0.92530621597914,0.3594485090146894,-0.1071003061628142
0.5463236051508018,0.5058701492368967,0.069157582394123,0.2368820228350148,0.2910098938269728,-0.5450016604009479,-0.0549224769660493
-0.2193610787773335,0.1630040375998673,-0.1775253395609917,-0.5228394073237119,-0.7192933704084014,-0.2386495885583792,-0.2147033534306537
-0.4879991806781211,-0.2956268748215849,-0.1206679789639055,-0.0383928637215496,0.376804155451138,-0.4243498346224619,0.5799763992606721
-0.1904363056141241,0.6318003425126061,0.7139392219190838,0.1078843761720071,0.1330787809055833,-0.0831288498116733,-0.1363587983601331
-0.2434575024408778,0.0156247342225425,-0.1500924349637772,0.1834969770774893,-0.2004269468673566,0.8912826667924452,-0.22300152331446
-0.2828689937655009,-0.284426578779481,-0.2118975622781213,0.7907507810909218,-0.3718893891517736,-0.1224140155519877,-0.1249494697361205
-0.1277514158962068,0.1801662425885615,0.1326436829166784,-0.3831911191141221,-0.6119604104487999,0.6390896209373795,-0.062119504472053
-0.4897801093826347,-0.0311692910485734,-0.2504406085608739,0.1227399571052306,-0.4330390518038889,-0.5502082420277221,-0.4371571734281403
0.0704526233230506,0.176129155596127,0.2471813476542373,-0.3421804243953871,-0.8606784553957432,-0.1075806143996842,-0.1829969802245594
-0.3987245805804909,-0.4434850106505735,-0.3533887854038878,0.5933187849978029,0.4033876025487981,-0.0384502565637434,0.0568239365829538
-0.263339515582911,-0.3263184393988098,-0.2167696897325247,-0.842729446251383,0.2302003058603867,-0.0878152535511021,0.0792644819608721
-0.4524743264361838,-0.6117364349617154,-0.3174892145981995,-0.0398185423574339,0.4208886624419742,0.3657921390994298,0.0878034461491671
-0.340077682299806,-0.3926891288331494,-0.0693546791819927,-0.6224926088608326,0.503063999696999,0.2882468316743866,0.0409350061144173
0.7790752358420906,-0.4314280349205645,0.0069577738231504,0.0145778639755962,0.2378493436145698,0.156782638264667,-0.3542563999822652
-0.4650184420062915,0.0187062918631275,-0.2243403047819556,0.587405931436539,-0.4362582910070843,0.4151865183135528,0.1591618080461898
-0.2979341563820417,-0.7074914816435665,-0.1305094310939217,-0.3378920707696941,0.4528070209680702,0.2725429833078155,0.013168248969341
-0.1985898965997728,-0.0805713359320439,-0.0177238656410861,0.2958667541460318,0.4218799594272808,0.1996726422494963,0.8052125042143758
-0.4069557367323779,0.0147514136129109,-0.1358353977874281,0.1501687472184025,-0.3712899831411254,-0.747004490990022,-0.311922354222355
0.6513254928193932,-0.4451225181356069,0.0189183419268724,0.0617294085856911,0.2190219345147915,-0.2512782413739189,-0.5122121243391436
-0.1047255810811251,0.6134992869736895,0.6910907458542034,-0.1804564244349276,0.2303754908329439,-0.2166298779360358,0.0497882178204441
0.7944031667023795,-0.3034623435558561,0.0071983148347387,-0.0218552375772517,0.172753068706778,0.2400118654820146,-0.4345749984882185
0.936078269590136,0.0743360473819403,-0.2503351530575221,-0.0466822055028912,0.2153139297860306,0.0286202043189489,-0.0787750191282592
-0.2317809370515658,0.3736041772591272,0.0563195608357071,0.0949872823985677,0.6426147270221534,0.174200691473256,-0.5926242240309785
0.2881593118472436,0.084113902097789,-0.0755131289688437,-0.4598900045760278,0.1664689765534788,0.1602896811921921,0.7995519441928367
-0.2557053110466877,0.5760388800018589,0.6811389830944341,-0.2016558638608023,0.1959835672571676,-0.2444617659529779,-0.0027362859246123
-0.4328381664353253,0.1369516719895929,-0.3113374277210593,0.3870527598777626,-0.1525650205997956,0.606227401473362,-0.3954323969775883
-0.4884118790117511,-0.5986174098424456,-0.1222637687164719,-0.369145556942837,0.4890228584122128,-0.1117948690198734,0.0158969473018539
-0.0413505694482859,0.2301563224677551,0.1910401782118463,-0.4888150977810554,-0.7802376920955744,0.2159567076817868,-0.1203058284752626
-0.4702764973574823,0.3259647301109591,-0.2639838069342997,0.3229688722246926,-0.2000129966690087,0.351656915684967,-0.5787252222097039
0.5754198892104212,-0.4750718187173937,0.063826500867462,-0.1006605482936953,0.349611767665408,-0.0830776880149169,-0.5475966212731849
-0.340077682299806,-0.3926891288331494,-0.0693546791819927,-0.6224926088608326,0.503063999696999,0.2882468316743866,0.0409350061144173
0.765285817031272,0.2737146339710572,-0.0013534256852206,0.3293961696529883,0.1205698504057164,-0.4526774356222616,-0.1070527884238402
-0.2159150374319452,0.4692917959193922,0.565329200268935,0.5933644643433791,0.0903598965123551,-0.2082095729098643,-0.0997560901512426
-0.6540729768456016,-0.5246302423186143,-0.0732165063704978,-0.1383106832917939,0.5199115441910773,0.0452814763723831,0.010135186317372
-0.263339515582911,-0.3263184393988098,-0.2167696897325247,-0.842729446251383,0.2302003058603867,-0.0878152535511021,0.0792644819608721
-0.0578824386766081,0.1084053887557886,0.172358174167141,-0.3438778594682374,-0.71498670011665,0.5510228774633694,-0.1486821432289694
-0.2199861163369732,0.1111996307017981,-0.2256893570100006,-0.3714998977591977,-0.7223662143625627,-0.4252997448930595,0.2181744031491236
-0.1056722027964871,0.0987848585174226,0.0118053077526113,0.6232670237968833,0.5953643923933417,0.3253389334763532,-0.3607902544064191
0.0163869225285325,0.0871780524531947,0.1358819378331392,-0.2647286597950321,-0.6111318528543174,0.718544025561507,-0.1174675842565169
0.5119742154245951,-0.6201058335312069,-0.0120969848614979,-0.165597695499576,0.3042053901895563,-0.0314025702538313,-0.481928608120021
0.4496703179447742,-0.1449612853248263,-0.042782525071137,-0.3936252753943642,0.1988628307833164,0.0182181437488012,0.7616648231386707
-0.3987245805804909,-0.4434850106505735,-0.3533887854038878,0.5933187849978029,0.4033876025487981,-0.0384502565637434,0.0568239365829538
0.6147606321250362,-0.5913972993272176,-0.0102066575201805,-0.0065809195576705,0.2391855777463135,0.2717583157541761,-0.3756445026808674
-0.014918541409953,0.189766337897293,0.1951612215007228,-0.4138879511365978,-0.8583125602763704,0.0658476601006343,-0.1154931607526539
-0.3867286427480036,-0.629851929165862,-0.1065860114776642,-0.2603672957104064,0.5430467622719407,-0.2776483020719684,0.0508668067464177
0.8280647004029389,-0.2202014431424997,-0.2610996247686301,-0.3008740766206494,0.2014617648720355,-0.2185461357211786,-0.1370134891311382
-0.5069854460772246,0.2718446650201672,-0.37676663079526,0.544714595747,-0.3127213819777719,0.0864656665755498,-0.3537346129839143
-0.6016340283544698,-0.2511400090359683,-0.2463320735950449,0.1877502907498138,0.3139823468239721,0.3349099662509454,-0.5179632516094301
0.6861443951753325,-0.1270823506149418,-0.1320187083560296,-0.0119117668993287,0.0226888484585213,-0.3975019437230672,0.5804847426737496
-0.1200505539268809,0.308524103607157,-0.2368690256943167,0.8617955700021629,-0.0994098830066814,0.0216885699389113,-0.2850429498884766
0.0893565702431705,0.1549318232477547,0.2402486654417308,-0.4478732846500366,-0.8318979568693339,0.068310604563284,-0.1139345593337914
-0.7157586050443185,0.0970065801154328,-0.2594373467846301,0.2319151671074817,0.2667043322554366,-0.1777419689413945,-0.5044438053056035
-0.254104172953302,0.4445190082788682,0.643767055115112,-0.5347205466582325,0.0959294515165022,-0.0922757494963321,-0.1405509255859261
-0.3942424111196102,-0.3785278513802441,-0.2583136506834339,-0.4445906702996337,0.3086296942524273,0.5805260217976619,0.0681177700648322
0.6939983369866043,-0.0081785168654506,-0.1490348694676571,-0.105087708093471,0.0788407288533882,0.113912472674692,0.6825340207309326
0.6142916187743815,0.358900317707866,-0.0340191084393427,0.3669219531342487,0.159006178681517,-0.5620856119077791,-0.1297079398080249
-0.2243768029118383,0.0154848476109036,0.1838695764769515,-0.5121754191693092,-0.7892901295500039,0.0724425879457762,-0.1582932452794956
0.6453473309589001,-0.3157734664392232,-0.136476136058352,0.0038614555831566,-0.3111205178034438,0.1809909132808158,0.5793268563393512
-0.2165817708326548,-0.2991367844244276,-0.1394103928459183,0.4801994616370456,-0.3370544692864066,-0.7062055371289213,-0.0353661451073432
-0.4927076428709726,-0.6570729862044364,-0.1025234587880383,-0.2513994119052397,0.4872198471313201,0.1065430906727104,0.05519905741941
0.6680293450018538,0.5369021033762822,0.0305443592755096,0.4600042307396335,0.134188962622245,-0.1487185179675117,-0.1131909896966951
0.6450851825335634,0.0290922118779114,-0.2237862919494535,-0.0649397785460249,0.1021077703320632,0.7097553314323187,-0.120592885042241
-0.2569280298430689,0.2224713089108914,-0.1541577420011632,0.5675019441421408,-0.4552055300458675,-0.5171564438151505,0.2529991624582083
-0.102201158031024,0.5489497938358358,0.7513292739466109,-0.2176828806914103,0.2406493990005953,-0.1342996986415278,0.019467676155767
0.9074482698134754,-0.0169922797227471,-0.2367195472472492,-0.1179590532440212,0.0972053095861128,-0.0174254391843715,-0.3107183605915252
-0.4954518579887648,-0.551281656220512,-0.1458782558232549,-0.2592267199042029,0.5921248195401833,-0.0732699372509128,0.0784649506192144
-0.3057854155892016,-0.1505804582594265,-0.238003444579147,0.5762907389441723,-0.3149166102524832,-0.3679679968679853,-0.5103834163126865
-0.5399174488079448,-0.4330663886562383,-0.1957011056720531,0.2804293154513683,-0.4527420646299183,-0.4453005461477055,-0.0271140974102237
-0.5216969638240478,-0.0053546894070214,-0.2321781074415612,0.2796166654928447,-0.3435856039024182,0.5816277335205643,-0.3733223331551221
0.5311201040684875,0.4656847842860562,-0.0264557824043617,-0.0687325219197805,0.3778217050327695,-0.5887362349622853,0.0791546182810061
-0.1749005786177568,-0.0181002782036959,-0.1204866273871314,-0.0055892459562251,-0.111381574986202,0.954452812895272,-0.1764876006651286
-0.4409996591990884,-0.6153361404922927,-0.0975738086524514,-0.1759019921391776,0.6023821283537194,0.125733705586675,0.0880078549695829
0.8185190653981986,-0.2945130963717862,-0.1270406942393813,0.0589282129815965,-0.3953264607240267,0.1699954153039549,0.1962020682719338
-0.2391898951258903,0.1653646620082077,-0.1902054948275819,-0.4558214880032275,-0.7236727727622496,-0.3836967911923788,0.023787682353784
0.5198101301119944,-0.356348305331867,-0.4063745301997863,-0.4831990474330016,-0.2097867645337533,0.3291380228753544,-0.2277046574160547
0.1814806827844706,-0.0351192524322225,0.0329946220628781,0.8058899187088853,0.2934954918396876,0.206681770944155,0.4317722033111512
0.2974498575142686,-0.2983167470472087,-0.6463787103412884,0.100443788971021,0.0043897603653613,0.6277680176972188,-0.022898793222129
0.5322962110901814,-0.4022543005073958,-0.1850159567385838,-0.1679815946589041,-0.2241043894266232,-0.2160850558901071,0.6288783445555989
0.5207935091294045,-0.3461097587718446,-0.1546818349945302,-0.0016041222967743,-0.2401761805800574,0.3176003484089503,0.65306855185229
-0.21648129148242,0.0879391922223644,-0.1732286588977104,-0.3725924409859855,-0.2097360020619944,-0.6953358785708968,0.4990872458569514
0.5978779776377547,0.5536070909650335,0.0425419561593452,0.02586982292064,0.2632267386219213,-0.4888749489912131,0.1590440669767919
-0.3672855847530433,-0.3016497402390307,-0.2277199736036596,-0.8013541471008548,0.2446128343415409,0.1238702653893699,0.0700328253058197
-0.1964507908080695,0.200808850210217,-0.4091375377988285,0.6514684804039644,-0.1178839748378413,0.2441605518769628,-0.5057342978835472
-0.3466359536767674,0.1229957369548967,-0.2270389616719912,0.8386708905485197,-0.2265396514762128,-0.1922440338472109,0.1467038830371069
-0.4657382518912759,0.2042957631876378,-0.1724027511145277,0.7780680826909714,-0.2201091354896835,-0.2045721795967626,0.1262563415579245
0.8646347302927386,0.1118016644530421,-0.3417199923209909,-0.3136210933026086,0.1316691740622932,0.0641989076675383,-0.0576034420586066
-0.2159150374319452,0.4692917959193922,0.565329200268935,0.5933644643433791,0.0903598965123551,-0.2082095729098643,-0.0997560901512426
0.6230709366376986,-0.5444767518329052,-0.0016336228381007,0.0219933338230363,0.2632615462491051,-0.0660076120354836,-0.4910984143678173
-0.310170079631205,0.2200792878113451,-0.2302315815986245,-0.0495069778917221,-0.7774621939398884,-0.345938353480993,0.2752840339316509
-0.1220912377365268,0.0488866072970784,0.1671786262710302,-0.2842705457842832,-0.5678872921307316,0.7407920400134368,-0.0517355767507895
-0.3173208706709947,0.0842318508512565,-0.3921495615593866,0.1767772508159752,0.3629304901081824,0.5048288641273411,-0.5662245690494481
-0.1276873337216909,0.1522775076002744,0.173475721008236,-0.4324126715921501,-0.7115529802463684,0.4634798612290276,-0.1493711340619011
0.4559881926690159,-0.4634280512981575,-0.0160702638578767,0.3159580256201799,0.3790285311144896,-0.1680738946347445,-0.5525486590569861
-0.6740896996806442,-0.2231779709587061,-0.335469034982009,0.2485937587149564,0.2631383928291786,0.0060114916208277,-0.5021736631357652
-0.2942496538734626,0.5876482580503404,0.6575527187148339,-0.1289495406958039,0.2144593312811845,-0.2702749507766611,0.0064614456524905
-0.1269686685604407,0.5569954848904229,0.7093121863340766,-0.1806158852792251,0.2288516677175667,-0.2833294884177431,0.072390790120527
-0.4562290934001282,-0.6174405165578161,-0.3795111497035144,0.2484763517637373,0.430510322604659,0.0543756505708889,0.1286746419029003
0.8357951164026985,-0.0793213470042783,-0.321479817717028,-0.1093279784321285,0.3599536234111708,-0.1674873707410085,-0.1491111561045313
-0.6180820883037873,-0.4721786358619971,-0.0775131827434301,-0.0868591569975367,0.5038300880227946,-0.3524776878127906,0.0581702956609788
0.7382545336951166,-0.3335022487740084,-0.1615904906590803,0.1446989962203611,-0.2296356810273371,0.306576371064473,0.387279731030056
0.5564573451055442,-0.4766044900620366,-0.0370782643705763,0.0535995315448484,0.4619602121820746,-0.0018371116552344,-0.495525037754595
0.7066632457889219,0.6307303104406068,-0.0122168160054709,0.2670928101674868,0.1451333206566836,-0.1012653518218043,0.000400576653186
-0.406779457737059,-0.4428318531718072,-0.1099434664143639,0.2480529976191246,0.3659895762700975,-0.4131449347480782,0.5100739751233817
-0.5326277900371653,-0.1010039548358135,-0.2910220194987135,0.3724271017558047,0.387020321162755,0.050758205080388,-0.5747599081846327
0.8130803315496093,-0.1354952466757153,-0.3613482645369035,-0.1714719838337559,0.1243379142001228,-0.0296408586371963,-0.3797732292347122
0.8600992448068081,-0.1955986719549372,-0.206527904051756,-0.1849498679132953,0.2233389154100711,0.2189124415659291,-0.2175023944929417
-0.1291582127373987,0.6183536910914105,0.7119139446740114,-0.167194928873642,0.2447510546465696,-0.0217924969193285,0.0761791852223982
